user_id,NIC_no,s1,s2,s3,s4,s5,s6,s7,s8,Errors,Y1,Y2,Y3,Y4,cgpa,ogpa
123451,1234567890,3.623,2.66,3.11,,,,,,,3.41231,,,,3.1234,
123452,1234567890,2.956,2.4,3.2,,,,,,,2.83125,,,,2.4216,
